,label,sig0,sig1,sig2,x0,x1,x2
0,doorway_outdoor,0.0789391648824,0.0913918219046,0.111455089609,-1.31782609619,1.5228424803,-0.939054547819
1,lock_chamber,0.0632482328334,0.105970424525,0.0475482855715,-1.36012103506,-3.93429242467,-0.886356090647
2,biology_laboratory,0.045830448302,0.0498501038471,0.0969677564509,2.11131015527,-2.65323090922,4.72974210981
3,beach_house,0.0985100474276,0.206601697551,0.0765246955777,-2.69520407717,-2.49779501985,-0.945948214886
4,library_indoor,0.108431781534,0.0937880092436,0.171249718932,2.20331547229,-2.56732739673,1.61544230661
5,coast,0.073908848218,0.0960468344543,0.0591268313956,-2.32607630612,-5.89346265462,0.850446002852
6,entrance_hall,0.0886036230604,0.0612765717534,0.0884127757157,0.078046554407,-0.234084520392,0.909651033681
7,porch,0.0810723743175,0.0900024100222,0.0910270438476,-1.86307570049,0.902403556809,-0.344293415043
8,toyshop,0.069124036426,0.0780039986381,0.0738697719314,4.75145256948,-2.10900931773,0.292804992995
9,florist_shop_indoor,0.0236914803713,0.0368307439584,0.0324036928911,-4.14560285436,-0.530273556921,1.43684028117
10,utility_room,0.0591230703768,0.0930616762957,0.0612292333368,0.261052620476,1.17151391503,2.81512474419
11,archive,0.0919048102025,0.133956521656,0.139894333394,1.84333755239,-1.72897847879,2.25080553251
12,hot_spring,0.140782771581,0.129622807951,0.0714062361102,-2.66224590627,-4.54731498169,0.252131425391
13,physics_laboratory,0.0675968472651,0.112715123809,0.189459732061,2.13235241991,-0.858719013567,2.2078356623
14,arcade,0.0889191470951,0.0783648125324,0.0958082176949,1.59570907178,-0.180716225413,-2.10086732251
15,stage_indoor,0.0498304773247,0.0610078222231,0.083226366478,1.9989210517,1.85281383595,5.3358638227
16,fastfood_restaurant,0.122909045262,0.0878800737919,0.149635830478,2.72640645704,-1.26473551682,-0.207679055184
17,reception,0.088929115905,0.0703542390917,0.0572779203083,0.552851110535,-0.38496927393,2.38996771702
18,desert_vegetation,0.135060737264,0.134840997293,0.0833737773238,-4.63550390413,-4.01476575088,0.986823681329
19,waiting_room,0.126410272247,0.074438340177,0.043851802312,0.464318071877,-0.636736857735,3.54069477782
20,hospital_room,0.0988121744135,0.0474404683003,0.121466137671,1.63896408087,-1.22410114895,4.29006463242
21,lawn,0.160479834743,0.142823296662,0.133732461569,-2.3609725758,0.625208788802,-1.25840936317
22,mausoleum,0.118745057475,0.109680419051,0.0601002050777,-4.10442943907,0.0977071966849,-2.60983847193
23,shed,0.0985057557888,0.075116832686,0.0255868875149,-3.4024462615,2.99749019751,-1.0153879319
24,restaurant_kitchen,0.054783133892,0.0354469842998,0.0793460757092,2.95570544378,-2.71116628808,4.11283975853
25,field_road,0.0665937222175,0.0957089378962,0.0841554541606,-4.87908344833,-3.89482115202,-1.85516168052
26,fishpond,0.0921025535209,0.128102959664,0.0927541184036,-3.30698756506,-1.68739737297,1.13647037346
27,artists_loft,0.0961803552227,0.0723386008432,0.0683663859286,0.242212712791,-0.531729986544,2.26866261741
28,sandbox,0.136460372096,0.0774827362882,0.15057055089,0.684123547147,0.0339522591033,3.61043093577
29,gift_shop,0.119196416208,0.0960986470307,0.0831919198722,3.79151840716,-1.88194892728,0.701401617245
30,bow_window_indoor,0.112315519619,0.0492468523905,0.0985066352762,-0.905425116144,0.667605316255,2.2062674455
31,hospital,0.14459008306,0.0792712837354,0.0541282418932,-1.83423511818,0.17758540219,-3.43182312167
32,crosswalk,0.177217368905,0.0968103748962,0.0834547382787,0.842061312662,0.578096803627,-2.15962837856
33,pharmacy,0.164042843498,0.0818466019424,0.134998738593,2.52951719426,-2.87376027907,1.82774676367
34,science_museum,0.130950785996,0.097591384202,0.153788361781,1.76832108879,0.3956154393,0.527060878999
35,swimming_hole,0.136395437653,0.154243889809,0.0978570142945,-1.47980430163,-2.36380119265,1.3095452281
36,pet_shop,0.199100894238,0.127228207996,0.160127475271,0.591532616118,-1.65129243187,-0.303982575523
37,arch,0.139858634382,0.110237693252,0.133823592711,-2.85191289513,-1.21995274328,-1.9188965267
38,ice_shelf,0.107425894789,0.13347060704,0.078255382888,-2.94227035002,-5.2247754987,1.01639681237
39,canal_natural,0.117807899362,0.0915394165381,0.0551903854617,-2.64537775441,-3.57935334803,-0.987414203937
40,church_outdoor,0.112609281165,0.0660407724948,0.0608982627569,-4.40605656688,0.0309670375766,-3.21182007533
41,swimming_pool_indoor,0.103139135188,0.0973102075076,0.0762603718055,0.840554499431,-0.549450558956,0.0272423419689
42,hangar_indoor,0.134412845511,0.0768497007405,0.184650136477,1.08055208949,-0.641836826287,-0.184337800957
43,restaurant,0.144387111315,0.0726123760746,0.20759293849,1.60922820486,-2.13853770901,1.44741241018
44,repair_shop,0.116226346844,0.0895851191985,0.169889798613,2.32457148755,-0.541539447369,-0.277620035725
45,restaurant_patio,0.122509777507,0.115612722624,0.141503949908,2.31390004954,-0.194318203779,-0.524838757631
46,mountain,0.0667593773703,0.0960121483746,0.107344143737,-5.24875731897,-4.86059918939,1.20891075719
47,barn,0.0558859538634,0.150796176317,0.0430211691538,-5.04960550529,1.86814501137,-1.20838271131
48,canyon,0.0523918011792,0.0232033990472,0.0570938988399,-5.30676991213,-4.45884920162,2.58417072278
49,jacuzzi_indoor,0.0648929651762,0.102777500909,0.0604756736539,-0.434208599671,-0.0958998238167,1.94709972103
50,bookstore,0.0947104160845,0.136222948899,0.151416571387,3.19870805029,-2.64122456925,0.551716589175
51,bedroom,0.0324211800003,0.0222725360062,0.031340016928,-1.54682434094,0.819998743352,3.75816547161
52,closet,0.104968337033,0.0818737094713,0.0353963899942,0.233397913733,2.47171330066,1.81015006674
53,picnic_area,0.189904329024,0.133640426257,0.103437696074,-3.16570996536,-1.37022303816,-0.137855175019
54,playground,0.150476423314,0.157561085954,0.127271636126,-1.18523891384,-0.0582430917068,-1.2590590098
55,barndoor,0.0764468499935,0.0666721569536,0.052863226356,-1.39996886308,2.76157427705,-0.284503461929
56,ice_cream_parlor,0.127912533305,0.0809782822098,0.180640778969,2.754596967,-1.57502844887,0.110411947754
57,racecourse,0.120028033072,0.164225775367,0.150946404727,0.286957192474,2.93061943465,-1.36865855269
58,field_cultivated,0.148177399481,0.160219686507,0.0611314109731,-4.84943158932,-3.19294444817,-0.312244103121
59,volcano,0.0991890615253,0.0519888152001,0.0485216077001,-4.7795225159,-6.12723137654,1.25112076073
60,department_store,0.0954113814556,0.083807996165,0.100673202517,3.3381683413,-2.01620575963,0.578818286808
61,ball_pit,0.120925296186,0.216243284904,0.157018022967,1.87873789115,2.17656946323,0.925384783353
62,jewelry_shop,0.163718078752,0.108860647976,0.116646955809,2.06100135302,-0.843138234189,1.78743882359
63,badlands,0.12172205962,0.102038276456,0.0618275446656,-4.89494709735,-4.71139734482,1.79196331551
64,stadium_soccer,0.125420084398,0.180333313754,0.097024350595,2.38473101378,1.955484413,-1.12730812168
65,boat_deck,0.0594509346339,0.145716014696,0.0949181153455,0.0661200736918,-4.44703873131,-0.447392961853
66,lecture_room,0.100350385182,0.0532530986444,0.0568942948876,3.92935166658,-1.33451559696,3.94221521231
67,kindergarden_classroom,0.0781351912553,0.103023065735,0.103614115667,2.42092344075,-1.01899788814,4.28461625503
68,bullring,0.114809524688,0.133790344837,0.131555344632,1.31316214229,2.28584092365,-2.34641835301
69,clean_room,0.0876283511584,0.114810452348,0.114400261192,1.43047986683,-1.0174013829,2.53592048394
70,gymnasium_indoor,0.153173326251,0.0914659821543,0.0704050867601,1.57061844551,-0.875306673297,3.3017521858
71,subway_station_platform,0.0733111364967,0.0982634022461,0.100513995474,2.40349129918,-1.26382286424,-1.99515017528
72,auto_showroom,0.08538252935,0.0608391713204,0.0912347510656,-0.00833190465312,1.78296302043,-5.57991070338
73,residential_neighborhood,0.0756103260848,0.123665407124,0.0445223483623,-3.90493345345,-0.933603489711,-2.83563202652
74,fountain,0.138667836008,0.154969552224,0.111316286769,-2.12095333007,-1.93050092313,-0.492465585484
75,farm,0.158835712456,0.18365263226,0.10147908958,-3.5100824083,-1.19162005647,-2.1898309248
76,television_studio,0.0709209696044,0.0874897667174,0.110925342484,3.03498791255,-0.310272490368,4.18599325028
77,tundra,0.146393431734,0.163949856674,0.091071338539,-3.64531425532,-4.32897635586,1.2015834009
78,chalet,0.0495456485295,0.134027392456,0.0878438458986,-3.72812692305,1.55623649379,-1.90158933129
79,industrial_area,0.0720095119214,0.133198831284,0.0629302590727,-1.94491260246,-2.03602242191,-3.08322380117
80,conference_center,0.115326702025,0.0949211628839,0.112751090106,3.91721302467,-1.17716515016,3.10006916258
81,waterfall,0.0428575928817,0.0602081785744,0.0517667524898,-3.31934402763,-4.00089191102,1.17767924856
82,burial_chamber,0.158465874716,0.111288118003,0.149432456663,-0.975563590377,-0.0735370563225,-0.0324627912754
83,driveway,0.125860737489,0.129795297456,0.106855138785,-3.69010102156,0.20102309906,-2.14633108778
84,japanese_garden,0.0771443525499,0.114948615141,0.0641539120548,-4.09692741018,-1.31138488875,-0.499696285835
85,cottage,0.113579189116,0.0890524267212,0.0391713698462,-4.14858773613,1.68278207694,-1.55269792717
86,bedchamber,0.113035152729,0.0746571487951,0.121390860708,-0.810392951838,-0.00620053258967,2.47694078491
87,palace,0.124040188309,0.122897815709,0.0675398449428,-3.10934804932,-1.89116679194,-2.96021202176
88,delicatessen,0.159357332146,0.0793042486289,0.128965310857,4.17504378173,-2.02752783009,-1.08090617047
89,forest_broadleaf,0.0434471907184,0.0366576508309,0.021137210305,-6.19790874212,-3.08958467545,-0.100927370448
90,beer_garden,0.162705541016,0.0607292078648,0.17960138328,2.31131365487,-0.73058969357,0.798404071852
91,auto_factory,0.112660690023,0.0864504582033,0.192071738947,0.658146284929,-0.100985670618,-3.07518699874
92,locker_room,0.0657081764428,0.0870014778055,0.0707619285973,0.245115862616,1.02750645336,1.08425811639
93,gazebo_exterior,0.0918501191997,0.0963918067088,0.0692919986379,-2.93533213668,1.73738326988,-1.75300083131
94,veterinarians_office,0.170241948108,0.101960260882,0.223103630526,-1.02503374892,-1.33745182321,3.01015105079
95,beach,0.150945737152,0.215431557543,0.0455572508774,-1.38620692962,-4.11703972094,0.252840909915
96,grotto,0.0931174259041,0.115283749439,0.0416423665204,-2.69576968312,-4.60257435265,2.49364380344
97,courthouse,0.0504068890998,0.0370705902322,0.0280023945017,-4.27526345217,0.828266986403,-3.5214745643
98,sushi_bar,0.0852958169544,0.0635765879081,0.113378650491,2.50007942277,-2.36873031126,1.77960201904
99,mezzanine,0.0833290720175,0.0832556906668,0.0776535845289,0.630676547965,-1.04007654381,-0.109344812244
100,airport_terminal,0.0981385133156,0.0729182759098,0.139473929076,2.46443771802,-0.864130349008,-0.268972226536
101,boathouse,0.080977234613,0.154292168132,0.0387941223343,-1.76480617292,-3.2790089118,-0.290835733522
102,kitchen,0.056337874838,0.0586530449622,0.0697291847595,0.718886506733,-0.933432646779,3.49953913736
103,ice_floe,0.093871842176,0.104819717919,0.0964455497971,-2.65909067234,-5.40700930055,1.51480368049
104,hangar_outdoor,0.0827129439339,0.160734195633,0.174223030616,-2.20002877487,0.247512684139,-1.21847375069
105,rope_bridge,0.102987790432,0.150329067526,0.0758321732583,-3.01459364952,-2.90793536099,1.00915218427
106,storage_room,0.0745411815919,0.0863751838563,0.0834703652796,2.02089841668,-1.34035310287,2.06552824668
107,heliport,0.0978134148356,0.136875654297,0.158248443398,-0.374078662258,-1.83944088596,0.62383059441
108,diner_outdoor,0.141181670801,0.0961040475042,0.101937939881,0.729728768148,0.930342414797,-3.16431501099
109,elevator_door,0.0854789847637,0.112454749896,0.195175682175,0.532245849982,0.923896376475,2.61499162019
110,dressing_room,0.106071727238,0.091306550937,0.119933334352,1.25465941705,0.592111105606,5.35375797266
111,cockpit,0.0770585627567,0.0951963550336,0.231258036749,1.93297776312,-0.88191249753,-0.888544197673
112,loading_dock,0.0992195657772,0.117330830454,0.0870079863253,-1.05083563605,0.797365767575,-3.04766884569
113,pantry,0.135960305752,0.174233198144,0.0853941860208,2.34534130947,-1.02229022507,0.969361335503
114,creek,0.0883157842818,0.0665886465649,0.095013581793,-3.88581905697,-3.66204004964,0.866966355902
115,viaduct,0.113569164623,0.134741864228,0.0869107507926,-4.42702107076,-1.27038934967,0.222872848188
116,apartment_building_outdoor,0.119506145701,0.115327980981,0.104659198783,-2.45538955859,-0.750002910035,-2.5106567595
117,village,0.14121286215,0.0614247634615,0.0864136939893,-1.82317186701,-4.25703932157,-0.0235563330273
118,courtyard,0.181963427233,0.0858477707738,0.0962675592098,-1.73889159535,-0.52383345322,-2.07540520981
119,wet_bar,0.0722994581316,0.0932772167263,0.0387707288224,0.111118689834,-0.702712004513,2.91586046628
120,water_tower,0.106668293526,0.0788016949807,0.0561551707835,-1.98095309869,-1.64582738069,-1.9764211501
121,dorm_room,0.0845700504734,0.0576953540848,0.0787837138285,0.532929065185,0.498515507436,3.38349447914
122,iceberg,0.0562767667928,0.042670021541,0.0394817346274,-3.07516484616,-7.08400544915,1.23361674925
123,alcove,0.0672169897252,0.0919836152294,0.123092250012,-0.538935784649,0.630081412655,0.631757588568
124,art_gallery,0.14078056082,0.107625663263,0.138956380553,1.6400001626,-0.253858204012,2.66867600183
125,desert_road,0.0605034239815,0.130496951938,0.0992367378094,-5.02446614802,-4.45089937323,-1.67254012129
126,tower,0.102854349832,0.120164495405,0.0756281154241,-2.85518065791,-2.28978693817,-2.25184571051
127,amphitheater,0.177962083247,0.118812474968,0.0980529002049,-3.12087579518,-2.47798704762,-0.342064253618
128,fire_station,0.0772131661423,0.10746021331,0.0940394087597,-1.66958538483,0.466522234873,-4.55381820101
129,art_studio,0.123385426495,0.104729630373,0.14029715611,1.49676708755,-0.96053001369,3.56331734441
130,elevator_lobby,0.068602786864,0.0644841609974,0.133954373171,0.347345612701,-0.146328057404,0.98346533778
131,oast_house,0.0383520697926,0.131904513406,0.0521445153751,-4.66193198948,0.866300186347,-1.76583376322
132,house,0.0569274028817,0.0889761204212,0.0404879027807,-4.06211223465,1.91352479599,-2.48292163034
133,pier,0.0841941233489,0.0828931104943,0.0437413726681,-0.616243070015,-4.83159129529,-0.732585229215
134,wave,0.0824115727441,0.137032698221,0.0324669166132,-2.20258117438,-5.46029211927,1.76094053318
135,butte,0.0374561098472,0.0542759524207,0.0961907219915,-5.49206729847,-5.07974686951,1.7424586684
136,pavilion,0.129288637037,0.143030194596,0.0831173083517,-2.01034302871,-0.493609725931,-1.57403277748
137,server_room,0.0737097413553,0.0899442341855,0.0941299345955,2.13516695025,0.475642729506,2.06611793097
138,forest_road,0.128626208026,0.120395456439,0.0669758905802,-4.67632419466,-2.71783223758,-1.29719669638
139,escalator_indoor,0.0929764807543,0.0845522969516,0.0769757244757,1.80133925438,-0.529037817975,-0.502473020751
140,zen_garden,0.0899927771233,0.0915692223869,0.0926549466613,-4.57709229327,-1.70535837668,0.175851919444
141,childs_room,0.108241607065,0.0798051306966,0.0779496459396,-0.662828775166,0.165575303351,3.55257916772
142,galley,0.0496901068652,0.102252376602,0.0598607750814,0.838929664706,-0.362623052799,3.13164956849
143,shower,0.0508523240096,0.120790472439,0.0843029974059,-0.165828834886,1.31416012877,1.89104017932
144,railroad_track,0.120166962954,0.0623320733227,0.0807559641298,-0.716544743086,-2.87705245224,-2.95955582593
145,glacier,0.0716163000322,0.0520382368278,0.0486687890482,-4.38855296441,-6.30002189774,2.38424335072
146,pub_indoor,0.10255812848,0.0569999303422,0.099439493529,2.43234819935,-1.64972560998,5.38213125745
147,wind_farm,0.0552969936927,0.0334823900586,0.075941573877,-3.95610920298,-6.14856459794,-1.89658620251
148,basketball_court_indoor,0.0825305370749,0.175751471737,0.113340010922,2.99840085404,-1.63414195159,1.80974727473
149,stable,0.0747490389844,0.123143063074,0.088072162453,0.436977249226,2.45652369002,-0.94846232544
150,beauty_salon,0.0795096633128,0.0811002881362,0.157434653702,2.03260355495,-1.88858603126,3.77905439707
151,oilrig,0.0300390458241,0.0266873029131,0.0457771067236,-0.56274657726,-6.29605120005,-1.43805721713
152,jail_cell,0.0698574905807,0.0640823226429,0.175144495592,-0.245148735165,1.13570949766,1.18905003837
153,basement,0.0980194290139,0.0968003157177,0.116958513465,0.328329638932,0.545435650907,1.60443807328
154,rice_paddy,0.159545172524,0.181299213955,0.0729159200284,-4.17002402526,-1.76565916924,-0.18302931135
155,market_outdoor,0.182733300101,0.0651441711061,0.100885393717,4.43352501644,-0.746247882534,-0.502967768984
156,ocean,0.109497327411,0.140241235465,0.0611539824872,-1.79587896553,-5.66572522195,0.555470055485
157,embassy,0.11398584871,0.0580007416754,0.0752794920615,-2.96001934073,0.452224973717,-3.676625933
158,arena_rodeo,0.107342603279,0.157276930384,0.0771925278848,1.07894716806,2.63401979096,-2.65636853464
159,mountain_snowy,0.0877640816011,0.103415656214,0.136252995456,-5.24045452521,-5.286327726,1.2755506151
160,fire_escape,0.0894377128005,0.0563247621702,0.106441082032,-2.13099696038,0.699853719401,-2.43006807195
161,ice_skating_rink_indoor,0.0576736824115,0.141505857089,0.0620039992592,3.57883809695,1.66300540576,-1.7403055128
162,manufactured_home,0.102458325371,0.0757519663287,0.0432135995761,-2.67922603968,3.24019197364,-2.11252974691
163,inn_outdoor,0.0528953190806,0.0773308562675,0.0700359272025,-3.37411702603,1.36778505283,-2.59715089031
164,trench,0.11805622936,0.122094091082,0.115661818853,-3.20751190607,-2.48396028658,-0.162359211064
165,television_room,0.0825169801183,0.0395852411114,0.0483864171679,-0.90376973441,-0.0548770230467,3.56695623139
166,library_outdoor,0.0875130716518,0.0708504978334,0.0560829399932,-3.2194313784,1.07202209785,-3.79490343171
167,elevator_shaft,0.0534871031242,0.0722524871554,0.0812000793995,0.410494853885,0.433652442759,-1.27405647852
168,music_studio,0.0398347811563,0.0798819775884,0.089488651307,1.23097316277,1.35938908123,5.1180602161
169,skyscraper,0.0879348722904,0.0765581891324,0.0664571356697,-2.02191956337,-1.67326322355,-3.22749108213
170,mountain_path,0.117834518479,0.117127134837,0.074375185432,-5.07147425757,-4.11787669033,1.45002615493
171,general_store_outdoor,0.166657129912,0.0659703337019,0.0553731134796,-0.118399415313,1.75585746193,-3.64713983983
172,discotheque,0.0565118297835,0.0753779047907,0.116931057697,1.64228742879,1.42030694443,5.50271277197
173,canal_urban,0.0407446239962,0.0685818592941,0.0572975904282,-0.496564386472,-4.23085450148,-1.08448492904
174,arena_hockey,0.0630789372825,0.13650197131,0.0625166510277,3.43759787553,2.05865154559,-2.05584295615
175,church_indoor,0.0371314302418,0.0654463926106,0.0424849477831,0.907126055017,-0.203230462762,-4.0145214683
176,gas_station,0.132976816756,0.144723474467,0.111382292387,-0.322085138762,1.05454535216,-2.97512871036
177,landing_deck,0.131230662999,0.174801027526,0.155674052439,-1.22708144157,-2.85875448963,0.795760113418
178,sky,0.103149247716,0.184128033021,0.121823670305,-3.63572638044,-4.56037665349,0.301962278313
179,legislative_chamber,0.119871172601,0.0510433936036,0.13654176952,3.62681497031,-1.8981302987,3.58291738584
180,campus,0.170130286304,0.123999774374,0.11905030056,-2.09730551683,0.42787585729,-2.2323111204
181,bakery_shop,0.228386413909,0.121315093188,0.183782632993,-0.0296064247054,-1.93191560534,-1.51434950756
182,ice_skating_rink_outdoor,0.135241203191,0.134688265933,0.110115562704,2.48006491719,1.0719917088,-0.950846664104
183,coffee_shop,0.100762326502,0.0767710213127,0.16219211454,2.21642998089,-1.86854458412,1.24494473001
184,clothing_store,0.108305868727,0.0958062288199,0.17407152956,2.65921688336,-0.214237482387,1.97204279181
185,lobby,0.0986161629217,0.0776743888266,0.133602523847,1.33004477144,-0.839473977902,0.481808808511
186,mansion,0.0729619113382,0.10572797134,0.0385255345758,-3.72432529867,0.802688926639,-3.25856457564
187,cabin_outdoor,0.0728647862432,0.0987834052191,0.0447169989943,-3.82388531098,2.22606042982,-1.23085786437
188,vegetable_garden,0.0419446073917,0.048317473252,0.0779383311055,-4.35101617456,-1.32131156625,0.296180755719
189,balcony_exterior,0.0894026264683,0.103905042321,0.0824737182004,-3.45913297544,0.806094791719,-2.67785974482
190,bank_vault,0.0678367349608,0.0990001607816,0.123823264755,0.513162410429,2.12562337594,-0.0932301209194
191,excavation,0.0584762597736,0.086546827414,0.132180450756,-3.53323154127,-3.26372764476,-0.471095628466
192,islet,0.0432014684031,0.0482980858227,0.041575823798,-2.25554595091,-6.9682570042,0.981620881106
193,tree_farm,0.161640329917,0.181315585055,0.0453910504493,-4.30002057425,-2.45336227696,-0.789166419432
194,underwater_ocean_deep,0.105131805555,0.213086646629,0.0485827052572,-0.34182587017,2.82767828925,2.69133320784
195,fabric_store,0.0914926008319,0.140536528104,0.112999038876,3.18881476714,0.51904666486,0.667023407268
196,botanical_garden,0.101069641648,0.0976534845217,0.0794124932707,-4.45557486623,-1.89702288693,0.0873342523599
197,bus_interior,0.100132897901,0.0610146083662,0.163997599997,3.51182956935,-1.17814222517,0.741113790355
198,butchers_shop,0.167069397469,0.125407782275,0.141967197393,3.77653319193,-0.361788502923,-0.13239486297
199,ski_resort,0.176823839916,0.165082821785,0.0901475836322,-3.66863840655,-0.919986910418,-1.12111642108
200,train_station_platform,0.0893173852823,0.078902837476,0.062263385432,1.08923019857,-1.96204834258,-2.925441816
201,playroom,0.0745182234699,0.117107439587,0.101151641843,1.55175882501,-0.7251468982,2.98582474155
202,booth_indoor,0.0872328960076,0.0934084645786,0.128109366989,3.71675207759,-0.757030381197,2.29131969031
203,castle,0.113839291967,0.134216548595,0.108186608272,-4.82012980465,-0.524942080413,-0.796637521926
204,museum_indoor,0.0971286143849,0.118916812263,0.158728354169,0.989215646401,0.426492245823,1.35886425902
205,kasbah,0.147911120333,0.124410330916,0.116035703707,-4.12018775831,-1.61880579776,-0.510489191381
206,hunting_lodge_outdoor,0.0442818219337,0.080832231488,0.0489471391682,-3.7404790127,2.28072530841,-1.90562877195
207,yard,0.144216768464,0.136116032654,0.0540913383252,-3.99473946126,0.34184653092,-1.56446449502
208,synagogue_outdoor,0.109798759809,0.0346169677073,0.0406049309359,-2.81688482099,0.465395485044,-3.77276101424
209,field_wild,0.089747777824,0.128711803187,0.0541984800326,-4.76954618519,-2.44919228283,0.612592850144
210,corral,0.141048861209,0.141338297426,0.0450914238968,-0.785666096135,3.97351902696,-2.60610454153
211,beer_hall,0.111141667618,0.0654106411873,0.147002323433,2.89937178089,-1.31433333825,3.36313634195
212,swamp,0.0935709536075,0.0471764075148,0.0285202099694,-4.25889459085,-4.19225872776,0.0245505835526
213,bazaar_outdoor,0.109419377155,0.0607415986978,0.0953979269265,3.84031723465,-0.262786042211,-1.24897565016
214,pagoda,0.118911788152,0.12847782779,0.100731219452,-3.00613440958,-2.58424732396,-0.628338962785
215,ballroom,0.0954263272454,0.115407518571,0.12912840768,3.29552227402,0.110365856167,2.96945225473
216,park,0.191402569819,0.160705593408,0.0599551687465,-1.50128549039,-0.525760169191,-0.804733994147
217,assembly_line,0.113861049601,0.0988616890021,0.155544517533,2.14702246033,-0.371991543981,0.346756381512
218,catacomb,0.145067491426,0.122612162387,0.110537690895,-2.86476421006,0.119075249607,0.533404286275
219,patio,0.135989593077,0.0844904267286,0.088870133326,-2.43155850896,0.23256798081,-0.366480773757
220,classroom,0.0798252528792,0.087563364256,0.0629978808553,3.86292906901,-1.50751564213,4.05695404623
221,parking_lot,0.144200064559,0.157148531065,0.116327502431,-1.14460710903,-0.119801186085,-3.83754346105
222,throne_room,0.087388071822,0.078738266642,0.13905388421,1.93000436323,-0.199452341909,-1.68675190225
223,pizzeria,0.204152804966,0.0571745068311,0.183130853624,-1.43142308366,-3.34063192311,-2.98279765578
224,junkyard,0.0904332913925,0.0960330317465,0.112899170606,-0.736984390607,0.857309620029,-4.97824879742
225,natural_history_museum,0.109165903339,0.140963500367,0.147002071311,0.517539278049,1.00502694834,0.835038446459
226,stadium_baseball,0.173110778174,0.170385666742,0.110174603107,1.99969932123,0.503161298284,-0.840915704522
227,wheat_field,0.110595717787,0.172943159265,0.0915019902788,-4.52371260198,-3.22768012412,-0.283728207563
228,berth,0.0753188461567,0.0824765049461,0.136852911989,-0.0493354003682,0.660033627746,2.63780002957
229,water_park,0.142658553853,0.155077222732,0.117370595356,0.741731341933,-0.841256759945,-0.68703692936
230,river,0.100619308487,0.0695461321206,0.0832855619135,-3.52198517421,-4.1145014344,-0.481965042781
231,banquet_hall,0.10826900109,0.0685675814679,0.110359800167,3.13310131007,-1.96973261779,2.69047448896
232,garage_outdoor,0.125194553039,0.0750026253048,0.104536112219,-2.03011654327,2.2836945594,-1.40559878872
233,nursing_home,0.10912039449,0.0573223632313,0.116468340709,2.48610612515,-0.885184260374,5.72210966825
234,bar,0.0880924018256,0.0818208184646,0.140265909032,2.77890159199,-1.41836751387,2.47627881441
235,medina,0.100559604839,0.0725272173339,0.0931899048982,1.09389716426,0.525969081493,-1.63155373158
236,runway,0.049541958547,0.121544757693,0.122229726289,-3.77555399721,-1.01576708604,3.33564336375
237,building_facade,0.127794005631,0.0506957630317,0.050210752242,-2.13242909158,0.835013047785,-3.49733333942
238,martial_arts_gym,0.0845306279077,0.0946485702758,0.119330850644,3.98457423542,0.219933310088,3.3549725192
239,staircase,0.0780133334119,0.0742124245534,0.112591824621,-0.105422421741,-0.0338037147673,-0.368835645637
240,dining_room,0.0843149863639,0.051453979796,0.0513651614063,-0.0429390955816,-1.80196747455,3.51730544025
241,tree_house,0.0759253897178,0.0919367744713,0.0308448102114,-4.79376351822,-0.355377931235,-0.793278366468
242,raft,0.104459662871,0.150588779956,0.190279475192,0.974056631122,-2.65459527093,-3.01430034584
243,chemistry_lab,0.0524881885265,0.0695719691031,0.1041831126,1.88852470246,-2.01317608835,4.32288384381
244,corn_field,0.102996095759,0.169389016132,0.0634872905924,-4.52763088437,-2.71251498729,0.167199514225
245,boxing_ring,0.0815858321766,0.0711940103641,0.0757567976139,5.24768148428,1.48530433748,1.66088467972
246,pasture,0.134731805186,0.236361423593,0.124592159497,-3.95873309244,-0.971678253837,-0.886794400318
247,flea_market_indoor,0.0863955689157,0.0676327986426,0.0766932298628,4.93573246284,-1.41245466907,0.91218387083
248,train_interior,0.1089919086,0.0446528097755,0.129581736071,1.88558130063,-1.1790861728,1.36269455772
249,youth_hostel,0.0942626203215,0.0628744261287,0.0534993016663,0.038071421465,0.204790988641,3.27091463043
250,street,0.133191090065,0.0986588077956,0.0975255160778,1.78551433311,0.395456113517,-2.53939989825
251,general_store_indoor,0.0567621249798,0.0608974126492,0.0572907762972,4.63263911687,-3.40121440153,0.417567305981
252,construction_site,0.0934021511889,0.133011826831,0.103616140395,-1.14730315531,-0.761169834021,-2.46264445425
253,amusement_arcade,0.0591101055781,0.0874425776521,0.170952118903,3.54973543602,-0.0307812136283,0.855246062409
254,cemetery,0.13862708944,0.13166712708,0.0800923093524,-5.06768288932,-0.626577755612,-1.17343189864
255,igloo,0.181156565177,0.131664751769,0.154061523473,-1.75625079025,-4.1163708052,1.63559486826
256,topiary_garden,0.111364586693,0.0929819831803,0.0956399107638,-4.16261991363,-1.79957313621,-0.356540602105
257,kennel_outdoor,0.17000602135,0.108987396507,0.150346258533,0.529335929728,1.18086007726,0.612921991191
258,home_theater,0.0851307513766,0.0515947333476,0.0506845830689,0.731225282757,0.801765830395,4.08686483622
259,dam,0.123392411197,0.091459777934,0.0979542359819,-2.33965746023,-3.9790711176,-0.307720176006
260,hayfield,0.0449544085263,0.0462864573401,0.034511390019,-5.86404993525,-5.19999055153,-0.6969110897
261,landfill,0.135942987261,0.110083954481,0.122783416576,-1.86677631321,-2.47886846595,1.32327620888
262,pond,0.0920813103486,0.110728649247,0.0500580658904,-3.11958774146,-3.27466474482,0.294192500215
263,football_field,0.160968075202,0.166283442093,0.0541949659838,2.21998692696,3.26369232383,-1.6797053966
264,phone_booth,0.144505144425,0.137533045411,0.105889754552,-0.163539880811,1.87985076355,-1.39999595993
265,ticket_booth,0.104785132457,0.123161046509,0.118516593343,0.698690180227,0.481819094955,-1.29826309193
266,plaza,0.170208818332,0.0712900064199,0.172677660953,0.732710491784,0.372660063796,-1.27867537477
267,hotel_room,0.0615901950999,0.0537619737496,0.06259572594,-0.975946918362,0.446058994609,3.54748255923
268,stadium_football,0.174472246563,0.179939949264,0.0960714962127,2.56134216671,1.62986072186,-1.07368046713
269,lagoon,0.074152920907,0.0483246057422,0.0497064548187,-2.83274980469,-6.51840821824,0.741012559956
270,parking_garage_outdoor,0.0347086537238,0.0693294851946,0.0428635867384,-1.9990151271,-0.0952551546023,-3.77538111033
271,dining_hall,0.0871389387815,0.0566600608646,0.106394267299,2.33853544904,-2.65129305724,2.43070794453
272,watering_hole,0.155367812106,0.236417173286,0.0910549916365,-2.63985190995,-0.437411903223,-0.0139746943241
273,candy_store,0.0936397359233,0.0810042184859,0.117098439543,4.3596393327,-2.44584600319,0.189972231926
274,airplane_cabin,0.125490320387,0.0626430533515,0.179088210402,3.13908024782,-0.64955830465,2.25959247538
275,bamboo_forest,0.153299581616,0.0902472020974,0.0908452160257,-4.28744976556,-1.4171977758,1.09385955132
276,art_school,0.0767313465518,0.0644660723116,0.103974065151,2.71478148463,-1.00623995305,4.79019691825
277,schoolhouse,0.0465495237796,0.135757891393,0.0432954727825,-4.99542382137,1.37221065669,-2.22645820294
278,home_office,0.0595600276195,0.0486938259736,0.0484219450191,0.685632492794,-0.427432229503,3.88706393519
279,lighthouse,0.101458906902,0.223306082688,0.100194629291,-2.55608281727,-1.36506988818,-0.640892272957
280,ruin,0.102911903667,0.113769477836,0.0995263727385,-4.95348096533,-1.69216635194,-0.379013449748
281,archaelogical_excavation,0.158196539135,0.160819217892,0.11507246896,-1.90014198057,-1.00979945049,1.16009850066
282,drugstore,0.0608127184237,0.0931662552285,0.0708180988457,4.49537864879,-3.2982241556,-0.0212757198222
283,forest_path,0.152631202079,0.135512943128,0.0606413237555,-4.6853922829,-1.8872666643,-0.837523314802
284,atrium_public,0.0930939740921,0.0704030488347,0.101174722015,0.888130399241,-0.313861696597,-1.61305514477
285,formal_garden,0.0945991774262,0.125723921307,0.0820770690323,-4.63287269698,-1.26068580452,-1.22588414017
286,parking_garage_indoor,0.0837967264187,0.0707727083702,0.131682063001,0.66815181737,1.23747177169,-3.4130794947
287,shoe_shop,0.117675689276,0.1211531909,0.0925704398154,3.59999418535,-0.367009846857,2.06366687841
288,aquarium,0.166124025558,0.207957714998,0.0989772499243,-0.489878564972,-0.0096685001099,1.8922803171
289,market_indoor,0.115105172112,0.0609751832816,0.0848006101218,4.56312419281,-1.49362407806,-0.0581728636548
290,bowling_alley,0.13542943205,0.0937264738507,0.129792469968,2.66802405431,-1.02969738369,1.64169969481
291,greenhouse_outdoor,0.171759235991,0.107176002213,0.133909375282,-1.64397310618,-0.229989965703,-0.170504088275
292,slum,0.172478483155,0.113365615737,0.1367206768,-0.249141818491,-0.015238430371,-1.21417999762
293,hotel_outdoor,0.0879548212093,0.069209278288,0.0539795064725,-2.13286204065,0.370366787699,-3.32846061709
294,athletic_field_outdoor,0.163251454822,0.145377516468,0.102905504099,2.61941660109,2.36068752063,-0.716451417877
295,cafeteria,0.107402817856,0.0731109083157,0.119585399226,2.99544263901,-2.29455045297,2.00195992578
296,engine_room,0.166098005859,0.0770425966402,0.16310220059,1.4661623802,-0.790537115146,-1.19638847269
297,moat_water,0.114685583812,0.113294442333,0.063395510503,-2.93729758461,-2.73672876846,-1.23959859773
298,roof_garden,0.0816170962077,0.0761320388953,0.0964290476087,-3.57884049815,-0.981612888517,0.34529534893
299,cliff,0.0854638193606,0.0761113377065,0.055866368289,-3.08118546748,-5.99315796159,1.95527133781
300,shopping_mall_indoor,0.100956517022,0.09068940088,0.0792454517064,1.60308258329,-0.758228639823,-0.877513430573
301,harbor,0.0662497254419,0.0655344285674,0.0899452554838,-1.03293793136,-5.19330074908,-0.109914568875
302,recreation_room,0.100254294547,0.089213605445,0.082021761823,1.00304316559,-0.363644129057,2.58984348349
303,garage_indoor,0.0751658690083,0.0786848620452,0.176856594256,0.233596968518,0.897233830766,-1.84206730933
304,downtown,0.14826100517,0.121340244299,0.0953336435191,-1.11522558715,-1.32637176667,-2.60774191655
305,bazaar_indoor,0.0914317971497,0.0534061662415,0.0793549503686,4.33719554846,-1.35627932973,-0.232115295098
306,hardware_store,0.0962976372316,0.0922985432563,0.100978078528,4.18398293366,-2.2616195971,0.29155591087
307,bus_station_indoor,0.0688083019404,0.0763657332093,0.0954284145446,1.09001308401,-3.48479062418,-4.17304692832
308,vineyard,0.120067757428,0.100598814739,0.101809659819,-4.88092254995,-2.75072663984,0.525029235307
309,shopfront,0.0792052392214,0.0558526388939,0.0863254254616,1.75789749179,1.42437419728,-3.6084475634
310,living_room,0.0600231311699,0.0429491981696,0.0981972161416,-0.777265398137,-0.332882534542,3.11114118239
311,crevasse,0.0828925179294,0.11197117781,0.0532993373811,-3.25480333713,-5.07726555842,2.79578507506
312,baseball_field,0.167310242795,0.17415639704,0.0693444005,2.19700881696,2.32475381602,-1.59760929914
313,bathroom,0.027655285788,0.106546518838,0.0290138576866,-0.66087389966,1.23572251103,2.4315748472
314,movie_theater_indoor,0.130577900305,0.0828225562589,0.0963832060766,3.89703327318,-0.293437077139,3.59803408409
315,laundromat,0.0649833744604,0.077808064357,0.265003001058,1.00741634543,-0.88357127795,-2.12988182133
316,lake_natural,0.0955729286569,0.128009071748,0.0483176723458,-3.15033100306,-4.03554048954,-0.641372978325
317,ski_slope,0.192773223946,0.155650896486,0.118765542966,-3.20895789746,-4.1119400086,0.574807110007
318,rock_arch,0.0801313622476,0.117100162081,0.0380148695859,-4.48608283828,-4.44773027411,3.00712391133
319,campsite,0.167662232033,0.141108967879,0.128151882634,-2.77310797384,-1.51611212869,-2.95421705207
320,bridge,0.114526916003,0.110050133035,0.0359556166085,-1.34618925893,-3.55019259253,-1.46671203756
321,amusement_park,0.127742873098,0.132743617047,0.210353776213,0.289180157643,0.0513829208615,0.885704342746
322,mosque_outdoor,0.130326055233,0.1182634616,0.0560146045611,-1.95287588707,-2.32550068337,-2.96250612844
323,balcony_interior,0.152043382714,0.123316152095,0.102553081142,-0.85108320041,-0.0294372362663,0.12399754136
324,desert_sand,0.0640207999163,0.122873001095,0.108410336253,-4.2448770313,-5.31703372822,0.662962739946
325,car_interior,0.026469798634,0.0415345370202,0.205923292883,1.09037415086,0.020702043996,-5.35113886047
326,attic,0.0931638142248,0.0655362637905,0.114068846944,0.107759557225,0.256210819777,0.439383628145
327,food_court,0.0951438493085,0.0840748580655,0.156138332845,3.95286954804,-1.47832138287,0.96491305342
328,swimming_pool_outdoor,0.104919787925,0.131653802796,0.119298257379,-1.36769710985,-2.76891924716,-1.11867493616
329,carrousel,0.142417295303,0.0933268856868,0.0930207898402,3.45409689659,-0.038039738494,-1.38179344365
330,corridor,0.0534719004587,0.0841694280765,0.0753154751875,0.0877929060273,0.210135287407,0.101833679236
331,temple_asia,0.107281229426,0.143854559279,0.105630416979,-3.46321403899,-0.874041539659,-0.913530085812
332,windmill,0.0646042894559,0.108927487809,0.0678711715401,-2.87761383392,-4.57990149319,-2.23480336439
333,raceway,0.127004178898,0.135487406102,0.179732916901,-0.414003380861,0.763725181739,-3.65712994745
334,motel,0.12144700684,0.116802179006,0.0959516481589,-1.28412166821,0.584224623262,-3.1693941684
335,computer_room,0.0844145049449,0.0723099194431,0.0373422295514,2.3757478706,-1.30116143857,4.14499804152
336,operating_room,0.0554826352934,0.0617653117359,0.109756023294,2.2717705138,-1.55014074609,4.54239653062
337,nursery,0.0550381533961,0.090507154149,0.0646011790593,0.139527074268,0.714886353733,3.69065021715
338,volleyball_court_outdoor,0.187608555268,0.17202962591,0.0535090596878,1.5801023113,1.20251418763,-1.61283029227
339,auditorium,0.141948617179,0.0467759627133,0.105013441822,4.24075766241,-0.575134070079,3.1285328654
340,greenhouse_indoor,0.0883601258947,0.0319083385719,0.0677435665339,-3.24153420404,-0.774345827985,0.0579480726501
341,sauna,0.0411084293712,0.0513496865019,0.0681685344353,-0.501304021746,1.94644063705,0.910064793456
342,stage_outdoor,0.134323007818,0.104558104787,0.154811180762,3.30123753171,0.327673867127,3.37656812168
343,soccer_field,0.162396833078,0.19374770147,0.0594634846911,2.08954131145,2.55101945971,-1.09457364175
344,aqueduct,0.0912395366416,0.108006403686,0.114602837588,-4.39207919725,-1.27403329528,-0.820316001126
345,office_cubicles,0.0803400204882,0.0651828215392,0.0766997806636,1.43476429115,-1.16112849908,3.27695589418
346,snowfield,0.0719338453342,0.0457428447276,0.0657566961225,-4.60885901541,-6.37413570891,2.04023083668
347,golf_course,0.213657995563,0.206211536372,0.0683883616599,-2.92631008542,-1.74953776864,-0.982792392223
348,museum_outdoor,0.0959308201545,0.0821595058137,0.0529601449244,-3.69926434506,0.668770169299,-3.67093467075
349,office_building,0.102288135986,0.107132107175,0.073122966423,-2.38981396925,-0.860114609456,-3.00569968977
350,highway,0.136262727379,0.115604899121,0.0621049331407,-3.35159974825,-3.73579536903,-2.66395963771
351,boardwalk,0.161676451028,0.149755995561,0.0866942377553,-2.024017114,-2.76813063403,-1.08083487523
352,orchestra_pit,0.111422129434,0.0676690953749,0.129051217431,3.47200126741,1.31641129184,4.15300782139
353,arena_performance,0.151696853047,0.116624668823,0.171753453323,2.56963156384,1.57012800247,2.21506705851
354,supermarket,0.0501955505529,0.0739996130146,0.0805572278823,5.79603037367,-2.41377478333,-0.0190039206529
355,valley,0.0540141251531,0.0511088795589,0.0531959788584,-6.01232743207,-5.45735478704,1.5379117465
356,airfield,0.102569097404,0.130420027458,0.143083614653,-3.38728929933,-1.21369846679,2.65234960129
357,office,0.102507333139,0.0554041827265,0.0497305086427,1.5965849998,-1.23641520519,3.91896158599
358,promenade,0.127723921181,0.138197173998,0.0789059523314,-0.241442740263,-2.89381646146,-1.60135854219
359,conference_room,0.0984518627464,0.0833960338632,0.118179045344,0.747378482853,-1.75423546329,2.96419759414
360,marsh,0.0981950939636,0.106454916685,0.0590381112453,-4.21109127561,-4.27765238784,0.0109586471158
361,rainforest,0.130946700345,0.117216374094,0.0460483049728,-4.16201019327,-2.20725169511,0.806760848308
362,army_base,0.0973736141947,0.112094205647,0.182392925053,2.51672486945,1.1619945076,2.46357351828
363,alley,0.0588907854329,0.0546155458814,0.0849135288266,-0.141650339647,0.78834562492,-2.24347434785
364,orchard,0.117809884385,0.120843630477,0.107176363312,-4.49079453168,-1.67715772272,-0.393311050835
